filename,valence,arousal,category
DST_089_M_NUT.jpg,-0.5605517625808716,0.31406545639038086,Anger
DST_170_F_SUR.jpg,-0.06537021696567535,0.6593064069747925,Surprise
DST_183_F_FER.jpg,0.08503144979476929,0.3433561623096466,Neutral
DST_124_F_SUR.jpg,0.036557551473379135,0.6329797506332397,Surprise
DST_026_M_NUT.jpg,-0.5484137535095215,0.4670235216617584,Anger
DST_020_M_DIS.jpg,-0.6061339378356934,0.8105237483978271,Anger
DST_110_M_SAD.jpg,-0.6485023498535156,0.4601258337497711,Anger
DST_002_F_SUR.jpg,-0.2548315227031708,0.6548126339912415,Surprise
DST_128_F_ANG.jpg,-0.5700091123580933,0.7015751600265503,Anger
DST_077_M_ANG.jpg,-0.6002728939056396,0.6770488023757935,Anger
DST_138_F_DIS.jpg,-0.60428786277771,0.8385905623435974,Anger
DST_031_M_HPY.jpg,-0.22837907075881958,0.31147336959838867,Anger
DST_128_F_SAD.jpg,-0.5985056757926941,0.433576762676239,Anger
DST_162_F_DIS.jpg,-0.627513587474823,0.754516065120697,Anger
DST_024_F_SAD.jpg,-0.672311544418335,0.6179704666137695,Anger
DST_129_F_HPY.jpg,-0.4551662504673004,0.2856425642967224,Anger
DST_106_M_HPY.jpg,-0.28251218795776367,0.2981603443622589,Disgust
DST_046_F_SAD.jpg,-0.21050015091896057,0.17443332076072693,Neutral
DST_086_M_ANG.jpg,-0.6205880045890808,0.6029577255249023,Anger
DST_118_M_FER.jpg,-0.6326163411140442,0.2943836450576782,Disgust
DST_123_F_ANG.jpg,-0.5749940872192383,0.6489506959915161,Anger
DST_174_F_SAD.jpg,-0.697697639465332,0.4299209713935852,Anger
DST_182_F_SAD.jpg,-0.5659564733505249,-0.0715603232383728,Sad
DST_018_M_SUR.jpg,-0.14413310587406158,0.5907043814659119,Surprise
DST_022_M_DIS.jpg,-0.6383910775184631,0.7694540619850159,Anger
DST_129_F_ANG.jpg,-0.5998441576957703,0.7631312608718872,Anger
DST_032_F_HPY.jpg,-0.35114941000938416,0.36258265376091003,Anger
DST_010_M_SUR.jpg,-0.01651284471154213,0.7522305846214294,Surprise
DST_110_M_HPY.jpg,0.28757593035697937,0.08314046263694763,Happy
DST_029_F_FER.jpg,-0.17191489040851593,0.5674759745597839,Surprise
DST_103_M_SAD.jpg,-0.6341249942779541,0.31193363666534424,Anger
DST_086_M_SAD.jpg,-0.6462934017181396,0.20917558670043945,Anger
DST_064_M_HPY.jpg,-0.24924030900001526,0.24523501098155975,Disgust
DST_159_F_ANG.jpg,-0.5800654888153076,0.570820152759552,Anger
DST_083_M_NUT.jpg,-0.5408284664154053,0.5642267465591431,Anger
DST_048_M_HPY.jpg,-0.4304361939430237,0.42310672998428345,Anger
DST_120_M_FER.jpg,-0.1802302747964859,0.3997340500354767,Neutral
DST_110_M_SUR.jpg,0.19000586867332458,0.7305070161819458,Surprise
DST_083_M_FER.jpg,0.018106859177350998,0.6399471759796143,Surprise
DST_138_F_ANG.jpg,-0.6336727142333984,0.815207302570343,Anger
DST_042_F_ANG.jpg,-0.6519319415092468,0.7917126417160034,Anger
DST_090_M_FER.jpg,-0.1581915020942688,0.5364282131195068,Fear
DST_124_F_FER.jpg,-0.09894764423370361,0.48033517599105835,Surprise
DST_164_F_FER.jpg,-0.1801135540008545,0.3475306034088135,Neutral
DST_099_M_SUR.jpg,0.06931407749652863,0.8148187398910522,Surprise
DST_171_F_DIS.jpg,-0.6380389332771301,0.7334831953048706,Anger
DST_129_F_FER.jpg,-0.05082859471440315,0.4662841856479645,Surprise
DST_015_M_DIS.jpg,-0.6921056509017944,0.7216602563858032,Anger
DST_147_F_FER.jpg,0.06588603556156158,0.6141299605369568,Surprise
DST_103_M_ANG.jpg,-0.5893700122833252,0.7046457529067993,Anger
DST_138_F_NUT.jpg,-0.4275132417678833,0.31955868005752563,Anger
DST_088_M_NUT.jpg,-0.3745335638523102,0.30283302068710327,Anger
DST_177_F_SUR.jpg,-0.020604867488145828,0.661203145980835,Surprise
DST_015_M_FER.jpg,0.010802235454320908,0.23131786286830902,Neutral
DST_119_M_NUT.jpg,-0.6061940789222717,0.37195491790771484,Anger
DST_098_M_SUR.jpg,0.20708754658699036,0.7630746960639954,Surprise
DST_163_F_HPY.jpg,-0.14109250903129578,0.09698745608329773,Neutral
DST_065_F_NUT.jpg,-0.2160157561302185,0.06819084286689758,Neutral
DST_079_M_DIS.jpg,-0.5839105248451233,0.7857041358947754,Anger
DST_177_F_NUT.jpg,-0.5186799764633179,0.43218380212783813,Anger
DST_176_F_HPY.jpg,0.2889416515827179,0.006093323230743408,Happy
DST_020_M_FER.jpg,-0.44198837876319885,0.440260112285614,Anger
DST_119_M_ANG.jpg,-0.6141449213027954,0.9111229181289673,Anger
DST_009_F_HPY.jpg,-0.36957284808158875,0.357113242149353,Anger
DST_068_M_SAD.jpg,-0.6598556637763977,0.3394472301006317,Anger
DST_009_F_FER.jpg,-0.3277468979358673,0.38360026478767395,Anger
DST_164_F_SUR.jpg,0.09728504717350006,0.7606740593910217,Surprise
DST_149_F_SAD.jpg,-0.6458063721656799,0.4304596185684204,Anger
DST_173_F_FER.jpg,-0.17472082376480103,0.4818606376647949,Anger
DST_074_M_SAD.jpg,-0.6013158559799194,0.5128336548805237,Anger
DST_009_F_DIS.jpg,-0.60613614320755,0.8275452256202698,Anger
DST_020_M_ANG.jpg,-0.6091318726539612,0.7664864659309387,Anger
DST_005_F_FER.jpg,0.016325440257787704,0.49318400025367737,Surprise
DST_164_F_NUT.jpg,-0.6141672134399414,0.6339246034622192,Anger
DST_042_F_HPY.jpg,-0.4588981568813324,0.39910420775413513,Anger
DST_026_M_ANG.jpg,-0.5493678450584412,0.6361441016197205,Anger
DST_071_M_ANG.jpg,-0.6561333537101746,0.8328712582588196,Anger
DST_030_M_ANG.jpg,-0.6456764936447144,0.6879206299781799,Anger
DST_115_M_ANG.jpg,-0.5706284046173096,0.7594931721687317,Anger
DST_089_M_DIS.jpg,-0.7267476916313171,0.695397675037384,Anger
DST_162_F_NUT.jpg,-0.016539160162210464,0.11732649803161621,Neutral
DST_005_F_DIS.jpg,-0.3181137144565582,0.3354188799858093,Disgust
DST_145_F_NUT.jpg,-0.4392213523387909,0.21874283254146576,Anger
DST_009_F_ANG.jpg,-0.5984755754470825,0.7713676691055298,Anger
DST_157_F_SUR.jpg,0.06865152716636658,0.689059853553772,Surprise
DST_004_F_SUR.jpg,-0.32682397961616516,0.7510952949523926,Anger
DST_103_M_FER.jpg,-0.20093700289726257,0.47447916865348816,Neutral
DST_126_F_NUT.jpg,-0.524272084236145,0.5235103368759155,Anger
DST_164_F_SAD.jpg,-0.6527149677276611,0.6830780506134033,Anger
DST_110_M_FER.jpg,-0.13924141228199005,0.6744388937950134,Fear
DST_173_F_DIS.jpg,-0.6864238977432251,0.7708973288536072,Anger
DST_159_F_DIS.jpg,-0.6351574659347534,0.7120316624641418,Anger
DST_071_M_SAD.jpg,-0.7236514687538147,0.6400183439254761,Anger
DST_137_F_SUR.jpg,-0.3187103569507599,0.7422628402709961,Anger
DST_146_F_ANG.jpg,-0.4839593470096588,0.5055787563323975,Anger
DST_099_M_SAD.jpg,-0.5374918580055237,0.4851299524307251,Anger
DST_030_M_FER.jpg,-0.12391264736652374,0.6620786786079407,Fear
DST_081_M_SUR.jpg,-0.10030679404735565,0.6719911694526672,Surprise
DST_098_M_NUT.jpg,-0.4326338469982147,0.2526443600654602,Anger
DST_090_M_NUT.jpg,-0.39347773790359497,0.2532602846622467,Anger
DST_065_F_FER.jpg,0.05784245952963829,0.38318806886672974,Surprise
DST_048_M_FER.jpg,-0.12446977198123932,0.3534582853317261,Neutral
DST_119_M_FER.jpg,-0.15892885625362396,0.1653127819299698,Neutral
DST_161_F_SUR.jpg,-0.08421573042869568,0.3711772561073303,Neutral
DST_090_M_SUR.jpg,-0.10037873685359955,0.5498237013816833,Surprise
DST_043_M_FER.jpg,-0.16792437434196472,0.3926272690296173,Neutral
DST_116_M_DIS.jpg,-0.7222082614898682,0.681668758392334,Anger
DST_081_M_HPY.jpg,-0.27387598156929016,0.28165286779403687,Anger
DST_010_M_NUT.jpg,-0.5230322480201721,0.5622430443763733,Anger
DST_026_M_SUR.jpg,-0.2248903214931488,0.7250542640686035,Surprise
DST_106_M_FER.jpg,-0.08844117820262909,0.40360355377197266,Neutral
DST_017_F_DIS.jpg,-0.7063482999801636,0.7512871623039246,Anger
DST_013_M_SAD.jpg,-0.5987840890884399,0.3087652623653412,Anger
DST_128_F_FER.jpg,-0.13674134016036987,0.3126763105392456,Neutral
DST_004_F_NUT.jpg,-0.6386364698410034,0.3220159113407135,Anger
DST_157_F_NUT.jpg,-0.3481312394142151,0.01651144027709961,Neutral
DST_133_F_DIS.jpg,-0.6528570055961609,0.82801353931427,Anger
DST_065_F_SUR.jpg,0.20427954196929932,0.7784206867218018,Surprise
DST_091_M_SUR.jpg,-0.001969229429960251,0.7152987718582153,Surprise
DST_170_F_ANG.jpg,-0.6051632761955261,0.55096036195755,Anger
DST_185_F_DIS.jpg,-0.5939275622367859,0.5965183973312378,Anger
DST_122_M_ANG.jpg,-0.6146581172943115,0.6910179853439331,Anger
DST_162_F_SUR.jpg,0.21347959339618683,0.6135994791984558,Surprise
DST_182_F_HPY.jpg,-0.17051257193088531,0.10029524564743042,Neutral
DST_177_F_HPY.jpg,-0.22369521856307983,0.24896542727947235,Anger
DST_016_M_ANG.jpg,-0.5889872312545776,0.8320008516311646,Anger
DST_015_M_SAD.jpg,-0.6245907545089722,0.2018783986568451,Anger
DST_024_F_HPY.jpg,-0.480933278799057,0.4118361473083496,Anger
DST_097_M_SAD.jpg,-0.613763689994812,0.3801833987236023,Anger
DST_093_M_DIS.jpg,-0.6477124691009521,0.5803669095039368,Anger
DST_079_M_FER.jpg,0.032057467848062515,0.7651865482330322,Surprise
DST_056_M_SUR.jpg,-0.5498586297035217,0.5696919560432434,Disgust
DST_108_M_DIS.jpg,-0.6808685064315796,0.7385721206665039,Anger
DST_030_M_SUR.jpg,-0.040886033326387405,0.6951116323471069,Surprise
DST_043_M_SUR.jpg,-0.2781740725040436,0.6052746176719666,Anger
DST_016_M_SUR.jpg,0.027187194675207138,0.6438136100769043,Surprise
DST_074_M_FER.jpg,-0.014609444886446,0.5478972792625427,Surprise
DST_163_F_DIS.jpg,-0.6560176610946655,0.5703580379486084,Anger
DST_185_F_NUT.jpg,-0.4896170198917389,0.4166920781135559,Anger
DST_174_F_DIS.jpg,-0.7150520086288452,0.6924777030944824,Anger
DST_131_F_NUT.jpg,-0.35483860969543457,0.22720551490783691,Anger
DST_081_M_NUT.jpg,-0.5793742537498474,0.5349814891815186,Anger
DST_146_F_FER.jpg,0.0593915618956089,0.6009507179260254,Surprise
DST_122_M_SAD.jpg,-0.42889121174812317,0.12662051618099213,Neutral
DST_064_M_ANG.jpg,-0.6144507527351379,0.7888669967651367,Anger
DST_099_M_ANG.jpg,-0.6539392471313477,0.6921809911727905,Anger
DST_017_F_ANG.jpg,-0.6095061302185059,0.729586124420166,Anger
DST_120_M_SUR.jpg,0.14617957174777985,0.8381789922714233,Surprise
DST_077_M_HPY.jpg,0.08968853950500488,0.17052139341831207,Happy
DST_177_F_SAD.jpg,-0.6048351526260376,0.6761679649353027,Anger
DST_116_M_FER.jpg,-0.16222907602787018,0.46076101064682007,Neutral
DST_135_F_DIS.jpg,-0.5801202058792114,0.7165395617485046,Anger
DST_133_F_SUR.jpg,-0.19975562393665314,0.5805234313011169,Surprise
DST_026_M_HPY.jpg,-0.44761109352111816,0.48111358284950256,Anger
DST_002_F_NUT.jpg,-0.6157001852989197,0.43905726075172424,Anger
DST_145_F_SAD.jpg,-0.6739377975463867,0.4988067150115967,Anger
DST_116_M_NUT.jpg,-0.5381737351417542,0.47084516286849976,Anger
DST_136_F_SUR.jpg,-0.19539079070091248,0.5033797025680542,Surprise
DST_068_M_NUT.jpg,-0.4952617585659027,0.3479178547859192,Anger
DST_131_F_ANG.jpg,-0.5751523971557617,0.597091555595398,Anger
DST_098_M_HPY.jpg,-0.07356111705303192,0.04738497734069824,Neutral
DST_137_F_ANG.jpg,-0.5488623380661011,0.6988880634307861,Anger
DST_089_M_SUR.jpg,-0.05728553608059883,0.7982249855995178,Surprise
DST_089_M_SAD.jpg,-0.7055734395980835,0.6063368320465088,Anger
DST_119_M_HPY.jpg,-0.10279843211174011,0.17064043879508972,Happy
DST_183_F_SUR.jpg,0.13023048639297485,0.723466157913208,Surprise
DST_079_M_HPY.jpg,-0.44545072317123413,0.13988225162029266,Disgust
DST_012_M_FER.jpg,-0.31656330823898315,0.6515483856201172,Anger
DST_040_F_HPY.jpg,-0.0594567246735096,0.12028983235359192,Happy
DST_178_F_ANG.jpg,-0.5938723683357239,0.6646677255630493,Anger
DST_138_F_FER.jpg,-0.23453673720359802,0.48981648683547974,Neutral
DST_149_F_ANG.jpg,-0.6073027849197388,0.6363711953163147,Anger
DST_083_M_HPY.jpg,-0.3404708504676819,0.3825465142726898,Anger
DST_174_F_ANG.jpg,-0.6658412218093872,0.6742385029792786,Anger
DST_123_F_SUR.jpg,0.13916876912117004,0.6369272470474243,Surprise
DST_089_M_ANG.jpg,-0.690911054611206,0.6985154151916504,Anger
DST_162_F_FER.jpg,0.05162985250353813,0.38237378001213074,Neutral
DST_090_M_HPY.jpg,-0.2427559494972229,0.23589998483657837,Neutral
DST_106_M_SUR.jpg,-0.06938709318637848,0.6247607469558716,Surprise
DST_026_M_FER.jpg,-0.3007371425628662,0.4545639157295227,Anger
DST_137_F_DIS.jpg,-0.6690340042114258,0.7596287727355957,Anger
DST_084_M_SUR.jpg,-0.07353873550891876,0.6653866767883301,Surprise
DST_032_F_FER.jpg,-0.3357342779636383,0.5233456492424011,Anger
DST_032_F_NUT.jpg,-0.5533320307731628,0.6281880140304565,Anger
DST_174_F_FER.jpg,-0.17837198078632355,0.2271048128604889,Neutral
DST_170_F_SAD.jpg,-0.6611770391464233,0.36274248361587524,Anger
DST_173_F_HPY.jpg,-0.34704938530921936,0.3171673119068146,Anger
DST_027_F_ANG.jpg,-0.5765154361724854,0.6639618277549744,Anger
DST_157_F_DIS.jpg,-0.6864274740219116,0.6664571762084961,Anger
DST_105_M_FER.jpg,-0.5321555733680725,0.6462820768356323,Anger
DST_110_M_DIS.jpg,-0.6274032592773438,0.7010935544967651,Anger
DST_133_F_NUT.jpg,-0.5553240776062012,0.5743803381919861,Anger
DST_120_M_NUT.jpg,-0.6195330023765564,0.7227610349655151,Anger
DST_068_M_SUR.jpg,-0.1214451938867569,0.7243461608886719,Surprise
DST_018_M_FER.jpg,-0.30421602725982666,0.3265308737754822,Anger
DST_131_F_DIS.jpg,-0.6691107749938965,0.7625675201416016,Anger
DST_088_M_SAD.jpg,-0.584976077079773,0.5125624537467957,Anger
DST_162_F_ANG.jpg,-0.4861781895160675,0.3396010398864746,Anger
DST_098_M_ANG.jpg,-0.5976096987724304,0.6979351043701172,Anger
DST_029_F_SAD.jpg,-0.6659026145935059,0.4517662227153778,Anger
DST_005_F_HPY.jpg,0.2510174512863159,-0.002006351947784424,Neutral
DST_186_F_NUT.jpg,-0.4582792818546295,0.31599539518356323,Anger
DST_056_M_SAD.jpg,-0.6543674468994141,0.8050029277801514,Anger
DST_047_M_SAD.jpg,-0.5011771321296692,0.28074222803115845,Anger
DST_122_M_NUT.jpg,-0.5060245990753174,0.34428903460502625,Anger
DST_081_M_SAD.jpg,-0.6862318515777588,0.7269253730773926,Anger
DST_119_M_DIS.jpg,-0.676263153553009,0.7007867693901062,Anger
DST_133_F_HPY.jpg,-0.551969587802887,0.45292428135871887,Anger
DST_098_M_DIS.jpg,-0.6281955242156982,0.7967709302902222,Anger
DST_009_F_NUT.jpg,-0.572536051273346,0.49606695771217346,Anger
DST_129_F_SUR.jpg,-0.07658222317695618,0.7816035151481628,Surprise
DST_004_F_FER.jpg,-0.545926570892334,0.1508801281452179,Sad
DST_025_F_NUT.jpg,-0.4204983413219452,0.2548511326313019,Anger
DST_176_F_SAD.jpg,-0.7305249571800232,0.20229053497314453,Disgust
DST_091_M_ANG.jpg,-0.55867600440979,0.7376306653022766,Anger
DST_123_F_NUT.jpg,-0.3495679497718811,0.07886713743209839,Neutral
DST_114_M_SAD.jpg,-0.5987250208854675,0.6255103349685669,Anger
DST_023_F_HPY.jpg,-0.5492814779281616,0.39260154962539673,Disgust
DST_027_F_FER.jpg,-0.5863552093505859,0.5333593487739563,Anger
DST_115_M_FER.jpg,-0.23875823616981506,0.11973190307617188,Anger
DST_131_F_HPY.jpg,0.20048700273036957,0.06462675333023071,Happy
DST_005_F_ANG.jpg,-0.611214280128479,0.5931524038314819,Anger
DST_108_M_SUR.jpg,-0.321336954832077,0.6465476751327515,Surprise
DST_024_F_SUR.jpg,-0.062106747180223465,0.6631301641464233,Surprise
DST_056_M_ANG.jpg,-0.6547315120697021,0.6831949949264526,Anger
DST_048_M_SUR.jpg,0.013151641935110092,0.7128632068634033,Surprise
DST_056_M_NUT.jpg,-0.5625097751617432,0.5704789757728577,Anger
DST_012_M_ANG.jpg,-0.5911438465118408,0.8425806760787964,Anger
DST_147_F_NUT.jpg,-0.3521134555339813,0.2982228100299835,Anger
DST_103_M_SUR.jpg,-0.21350017189979553,0.6182734966278076,Surprise
DST_162_F_SAD.jpg,-0.38071560859680176,0.23649390041828156,Anger
DST_130_F_SUR.jpg,-0.18515545129776,0.7650977969169617,Surprise
DST_115_M_NUT.jpg,-0.5561295747756958,0.550110936164856,Anger
DST_010_M_FER.jpg,-0.2568616271018982,0.6024130582809448,Anger
DST_158_F_NUT.jpg,-0.31100261211395264,0.14700785279273987,Neutral
DST_123_F_DIS.jpg,-0.6015201807022095,0.6668835878372192,Anger
DST_002_F_ANG.jpg,-0.6670198440551758,0.7979068160057068,Anger
DST_029_F_SUR.jpg,0.03290068730711937,0.6990312933921814,Surprise
DST_186_F_HPY.jpg,-0.39820608496665955,0.3944365978240967,Anger
DST_084_M_DIS.jpg,-0.7053905129432678,0.7008891701698303,Disgust
DST_079_M_NUT.jpg,-0.390148401260376,0.16993485391139984,Neutral
DST_118_M_ANG.jpg,-0.6961780190467834,0.7615146636962891,Anger
DST_042_F_SUR.jpg,-0.011533040553331375,0.6357473731040955,Surprise
DST_022_M_SAD.jpg,-0.6577538847923279,0.5782070159912109,Anger
DST_084_M_FER.jpg,-0.44652965664863586,0.3248507082462311,Disgust
DST_024_F_NUT.jpg,-0.5835921168327332,0.496134489774704,Anger
DST_047_M_FER.jpg,-0.14051882922649384,0.6467108726501465,Fear
DST_099_M_DIS.jpg,-0.6801294088363647,0.5964100956916809,Disgust
DST_176_F_FER.jpg,0.020950984209775925,0.2809520363807678,Neutral
DST_185_F_FER.jpg,-0.014328334480524063,0.3179304003715515,Neutral
DST_114_M_FER.jpg,-0.0858847051858902,0.6508748531341553,Surprise
DST_047_M_SUR.jpg,0.139540433883667,0.7270669937133789,Surprise
DST_091_M_SAD.jpg,-0.6539285182952881,0.6461242437362671,Anger
DST_084_M_HPY.jpg,-0.24726253747940063,0.2791232466697693,Disgust
DST_161_F_SAD.jpg,-0.44203945994377136,0.2573617696762085,Anger
DST_164_F_HPY.jpg,-0.39444151520729065,0.3871994912624359,Anger
DST_093_M_NUT.jpg,-0.5129413604736328,0.41216543316841125,Anger
DST_177_F_DIS.jpg,-0.6121814250946045,0.8362913131713867,Anger
DST_147_F_ANG.jpg,-0.4464970529079437,0.3782135844230652,Anger
DST_020_M_SUR.jpg,-0.45585542917251587,0.5581687092781067,Anger
DST_126_F_ANG.jpg,-0.6139489412307739,0.7802423238754272,Anger
DST_077_M_FER.jpg,0.09805953502655029,0.5915716290473938,Surprise
DST_064_M_NUT.jpg,-0.5468400120735168,0.49153101444244385,Anger
DST_088_M_FER.jpg,-0.026975322514772415,0.4927188456058502,Surprise
DST_024_F_DIS.jpg,-0.675886869430542,0.7777005434036255,Anger
DST_186_F_SAD.jpg,-0.7184286713600159,0.6376639604568481,Anger
DST_077_M_NUT.jpg,-0.4178151488304138,0.36944547295570374,Anger
DST_023_F_NUT.jpg,-0.5474944114685059,0.5475210547447205,Anger
DST_122_M_FER.jpg,-0.25593239068984985,0.11540833115577698,Neutral
DST_161_F_ANG.jpg,-0.5336519479751587,0.6050037145614624,Anger
DST_079_M_SAD.jpg,-0.6294776201248169,0.7006229162216187,Anger
DST_031_M_ANG.jpg,-0.6230165958404541,0.7204514741897583,Anger
DST_077_M_SUR.jpg,0.04015200957655907,0.5852143168449402,Surprise
DST_017_F_SUR.jpg,-0.5254539251327515,0.7104223966598511,Anger
DST_130_F_NUT.jpg,-0.45261672139167786,0.3811210095882416,Anger
DST_129_F_NUT.jpg,-0.48382827639579773,0.3168407082557678,Anger
DST_167_F_FER.jpg,-0.20016039907932281,0.07626599073410034,Neutral
DST_170_F_FER.jpg,-0.28567567467689514,0.5173482298851013,Anger
DST_176_F_SUR.jpg,0.16674059629440308,0.7268132567405701,Surprise
DST_022_M_FER.jpg,-0.5038179159164429,0.35751157999038696,Disgust
DST_004_F_DIS.jpg,-0.7399952411651611,0.6091447472572327,Disgust
DST_128_F_HPY.jpg,-0.10277906060218811,0.20996510982513428,Neutral
DST_093_M_FER.jpg,-0.006598342210054398,0.4122700095176697,Surprise
DST_167_F_HPY.jpg,-0.12641431391239166,0.2733025550842285,Anger
DST_046_F_ANG.jpg,-0.6004194021224976,0.8157334923744202,Anger
DST_177_F_ANG.jpg,-0.6471371650695801,0.6726279258728027,Anger
DST_025_F_FER.jpg,-0.13316914439201355,0.19723451137542725,Neutral
DST_013_M_NUT.jpg,-0.5431857109069824,0.44215482473373413,Anger
DST_091_M_FER.jpg,-0.11904118955135345,0.6312256455421448,Fear
DST_051_M_ANG.jpg,-0.6373707056045532,0.8107788562774658,Anger
DST_171_F_NUT.jpg,-0.34738948941230774,0.37357446551322937,Anger
DST_161_F_NUT.jpg,-0.35954493284225464,0.2601091265678406,Anger
DST_051_M_DIS.jpg,-0.6998034119606018,0.8035798668861389,Anger
DST_135_F_ANG.jpg,-0.5517206192016602,0.6733372807502747,Anger
DST_047_M_DIS.jpg,-0.6117206811904907,0.7015789151191711,Anger
DST_137_F_NUT.jpg,-0.5542782545089722,0.5467482209205627,Anger
DST_004_F_ANG.jpg,-0.6505376100540161,0.7704821825027466,Anger
DST_130_F_FER.jpg,-0.3018878400325775,0.8122801780700684,Anger
DST_015_M_SUR.jpg,0.12461242079734802,0.7460732460021973,Surprise
DST_174_F_HPY.jpg,-0.12782207131385803,0.05367228388786316,Neutral
DST_041_M_FER.jpg,-0.6270221471786499,0.5896740555763245,Anger
DST_015_M_NUT.jpg,-0.3425752818584442,0.10613155364990234,Neutral
DST_178_F_DIS.jpg,-0.6280784606933594,0.7562111020088196,Anger
DST_031_M_NUT.jpg,-0.573136568069458,0.5344936847686768,Anger
DST_048_M_ANG.jpg,-0.5913861989974976,0.7213378548622131,Anger
DST_149_F_FER.jpg,-0.11250349879264832,0.4422622323036194,Neutral
DST_077_M_SAD.jpg,-0.5630146265029907,0.606951117515564,Anger
DST_105_M_ANG.jpg,-0.6077700853347778,0.7371716499328613,Anger
DST_171_F_ANG.jpg,-0.5252673625946045,0.4350935220718384,Anger
DST_071_M_NUT.jpg,-0.5862481594085693,0.4485495686531067,Anger
DST_051_M_NUT.jpg,-0.6443170309066772,0.6043667197227478,Anger
DST_047_M_ANG.jpg,-0.615838885307312,0.7439649701118469,Anger
DST_183_F_ANG.jpg,-0.6246399879455566,0.6583084464073181,Anger
DST_123_F_HPY.jpg,0.031010311096906662,0.0012798309326171875,Neutral
DST_071_M_FER.jpg,0.19462206959724426,0.4156044125556946,Surprise
DST_186_F_SUR.jpg,-0.11696086823940277,0.6101663112640381,Surprise
DST_002_F_FER.jpg,-0.17032653093338013,0.6145268678665161,Fear
DST_015_M_ANG.jpg,-0.67295902967453,0.3699333667755127,Anger
DST_031_M_SUR.jpg,0.05265280231833458,0.539691686630249,Surprise
DST_026_M_SAD.jpg,-0.5708343982696533,0.5057457089424133,Anger
DST_096_M_DIS.jpg,-0.6076375246047974,0.6955161094665527,Anger
DST_081_M_ANG.jpg,-0.6055220365524292,0.6122543811798096,Anger
DST_146_F_HPY.jpg,-0.20126822590827942,0.2781482934951782,Anger
DST_056_M_DIS.jpg,-0.6435678005218506,0.8014313578605652,Anger
DST_167_F_SAD.jpg,-0.5078610777854919,0.21082356572151184,Anger
DST_079_M_SUR.jpg,0.09155426919460297,0.8927937746047974,Surprise
DST_142_F_NUT.jpg,-0.19120608270168304,0.018716871738433838,Neutral
DST_103_M_HPY.jpg,-0.2346901297569275,0.14700496196746826,Happy
DST_106_M_NUT.jpg,-0.4770453870296478,0.4045335352420807,Anger
DST_088_M_DIS.jpg,-0.668266236782074,0.7842248678207397,Anger
DST_041_M_SUR.jpg,-0.5286954045295715,0.622442364692688,Anger
DST_145_F_ANG.jpg,-0.5927026271820068,0.7164466977119446,Anger
DST_046_F_DIS.jpg,-0.6240454912185669,0.8115981221199036,Anger
DST_183_F_NUT.jpg,-0.4178615212440491,0.46700334548950195,Anger
DST_036_F_ANG.jpg,-0.5882918834686279,0.6013103723526001,Anger
DST_142_F_FER.jpg,-0.05080642178654671,0.4012632668018341,Neutral
DST_025_F_SAD.jpg,-0.5383053421974182,0.42927926778793335,Anger
DST_114_M_ANG.jpg,-0.5849909782409668,0.7636418342590332,Anger
DST_118_M_HPY.jpg,-0.0902363508939743,0.21746887266635895,Anger
DST_158_F_ANG.jpg,-0.5155232548713684,0.3579600155353546,Anger
DST_012_M_NUT.jpg,-0.5851004719734192,0.7019248604774475,Anger
DST_123_F_FER.jpg,-0.450668603181839,0.2829582691192627,Anger
DST_159_F_HPY.jpg,-0.009795013815164566,0.1758270561695099,Neutral
DST_116_M_HPY.jpg,-0.2066049575805664,0.2346772402524948,Disgust
DST_086_M_DIS.jpg,-0.6445801258087158,0.8132952451705933,Anger
DST_135_F_FER.jpg,-0.3103257715702057,0.39186060428619385,Anger
DST_126_F_FER.jpg,-0.3235139846801758,0.6131511330604553,Anger
DST_093_M_ANG.jpg,-0.6375346779823303,0.6931188702583313,Anger
DST_146_F_SUR.jpg,0.024163980036973953,0.7294859886169434,Surprise
DST_025_F_ANG.jpg,-0.35710227489471436,0.45271337032318115,Anger
DST_114_M_HPY.jpg,-0.3898458182811737,0.3801306486129761,Anger
DST_047_M_HPY.jpg,-0.5611903071403503,0.6040546298027039,Anger
DST_185_F_SAD.jpg,-0.6067262887954712,0.344984769821167,Anger
DST_108_M_ANG.jpg,-0.5329957008361816,0.676518976688385,Anger
DST_103_M_DIS.jpg,-0.6488949060440063,0.6880501508712769,Anger
DST_005_F_SUR.jpg,0.06138905510306358,0.5862728953361511,Surprise
DST_083_M_ANG.jpg,-0.6104409694671631,0.7494815587997437,Anger
DST_120_M_HPY.jpg,-0.4960024058818817,0.46861112117767334,Anger
DST_074_M_NUT.jpg,-0.5396407842636108,0.3470054268836975,Anger
DST_012_M_DIS.jpg,-0.6234479546546936,0.8664314150810242,Anger
DST_029_F_NUT.jpg,-0.4571191072463989,0.41266244649887085,Anger
DST_077_M_DIS.jpg,-0.6527697443962097,0.6322739720344543,Anger
DST_171_F_HPY.jpg,-0.1861070990562439,0.2946496605873108,Disgust
DST_016_M_HPY.jpg,-0.003295440226793289,0.09993898868560791,Anger
DST_146_F_SAD.jpg,-0.5158737897872925,0.382159948348999,Anger
DST_138_F_SAD.jpg,-0.6040854454040527,0.5545713901519775,Anger
DST_147_F_DIS.jpg,-0.6703039407730103,0.5418131351470947,Disgust
DST_017_F_FER.jpg,-0.5229409337043762,0.7097170352935791,Anger
DST_124_F_HPY.jpg,0.1183280348777771,0.10389065742492676,Happy
DST_142_F_SAD.jpg,-0.49952468276023865,-0.0344083309173584,Disgust
DST_130_F_DIS.jpg,-0.6170108914375305,0.8163078427314758,Anger
DST_009_F_SUR.jpg,-0.20217473804950714,0.5156687498092651,Anger
DST_040_F_SAD.jpg,-0.35003000497817993,0.10358196496963501,Anger
DST_098_M_FER.jpg,0.06681035459041595,0.4762237071990967,Surprise
DST_105_M_NUT.jpg,-0.559726893901825,0.6454712152481079,Anger
DST_074_M_SUR.jpg,0.08253154158592224,0.7995636463165283,Surprise
DST_186_F_DIS.jpg,-0.6718459129333496,0.8523537516593933,Anger
DST_036_F_NUT.jpg,-0.4850143492221832,0.3391471207141876,Anger
DST_056_M_FER.jpg,-0.5378413796424866,0.6213229894638062,Anger
DST_118_M_SUR.jpg,0.010611187666654587,0.45992767810821533,Surprise
DST_159_F_FER.jpg,0.031399961560964584,0.5351223349571228,Surprise
DST_167_F_NUT.jpg,-0.3960281312465668,0.3993707299232483,Anger
DST_186_F_FER.jpg,-0.29918166995048523,0.42323020100593567,Anger
DST_048_M_NUT.jpg,-0.595617949962616,0.6294074058532715,Anger
DST_157_F_ANG.jpg,-0.5990960001945496,0.6355818510055542,Anger
DST_176_F_ANG.jpg,-0.5673325061798096,0.6258739233016968,Anger
DST_043_M_DIS.jpg,-0.6700116991996765,0.7388494610786438,Anger
DST_002_F_HPY.jpg,-0.22640499472618103,0.285449355840683,Anger
DST_149_F_SUR.jpg,-0.1967046558856964,0.5463300943374634,Anger
DST_118_M_DIS.jpg,-0.7043625116348267,0.7566025853157043,Anger
DST_083_M_SUR.jpg,0.16843141615390778,0.765011191368103,Surprise
Copy of DST_040_F_NUT.jpg,-0.4108862578868866,0.1658097803592682,Anger
DST_043_M_SAD.jpg,-0.6097696423530579,0.5927246809005737,Anger
DST_130_F_ANG.jpg,-0.5491818189620972,0.8758108615875244,Anger
DST_027_F_SAD.jpg,-0.6496829390525818,0.4518219828605652,Anger
DST_115_M_HPY.jpg,-0.33121615648269653,0.22375696897506714,Disgust
DST_023_F_FER.jpg,-0.41475531458854675,0.27262216806411743,Anger
DST_012_M_SAD.jpg,-0.6218621730804443,0.320387065410614,Anger
DST_031_M_SAD.jpg,-0.5954347848892212,0.3940659463405609,Anger
DST_027_F_SUR.jpg,-0.11591388285160065,0.6977054476737976,Surprise
DST_133_F_FER.jpg,-0.3587705194950104,0.5813038349151611,Anger
DST_161_F_DIS.jpg,-0.6950733661651611,0.6484434008598328,Anger
DST_071_M_DIS.jpg,-0.6861056089401245,0.7901533842086792,Anger
DST_031_M_FER.jpg,-0.21272024512290955,0.11027544736862183,Neutral
DST_131_F_SUR.jpg,0.22799909114837646,0.7442206144332886,Surprise
DST_018_M_HPY.jpg,-0.5262269973754883,0.43351390957832336,Anger
DST_145_F_HPY.jpg,0.03567018732428551,0.1701560616493225,Happy
DST_170_F_NUT.jpg,-0.5216630697250366,0.3945259749889374,Anger
DST_171_F_FER.jpg,-0.22961145639419556,0.4470125436782837,Neutral
DST_178_F_NUT.jpg,-0.5117698907852173,0.46629711985588074,Anger
DST_083_M_DIS.jpg,-0.6833958625793457,0.674863338470459,Anger
DST_093_M_HPY.jpg,0.014014717191457748,0.03395271301269531,Neutral
DST_032_F_ANG.jpg,-0.591251015663147,0.8056706190109253,Anger
DST_036_F_FER.jpg,-0.25526538491249084,0.5594770908355713,Surprise
DST_136_F_NUT.jpg,-0.5070711374282837,0.4223039746284485,Anger
DST_108_M_HPY.jpg,-0.27126190066337585,0.4862355887889862,Anger
DST_068_M_DIS.jpg,-0.6505941152572632,0.6689032316207886,Anger
DST_089_M_FER.jpg,-0.04889163747429848,0.6870850324630737,Surprise
DST_016_M_FER.jpg,-0.12924520671367645,0.3884747326374054,Neutral
DST_167_F_SUR.jpg,-0.14105287194252014,0.32909202575683594,Neutral
DST_159_F_NUT.jpg,-0.3446548283100128,0.22400155663490295,Anger
DST_093_M_SAD.jpg,-0.34553274512290955,0.2256862223148346,Anger
DST_013_M_SUR.jpg,-0.03107995167374611,0.5006064176559448,Surprise
DST_177_F_FER.jpg,-0.08412650227546692,0.3360615074634552,Neutral
DST_118_M_NUT.jpg,-0.5173497200012207,0.44131794571876526,Anger
DST_051_M_FER.jpg,-0.3046284317970276,0.502049446105957,Anger
DST_068_M_ANG.jpg,-0.6604167222976685,0.7305744290351868,Anger
DST_157_F_HPY.jpg,0.1896914839744568,0.010840684175491333,Happy
DST_010_M_DIS.jpg,-0.6602249145507812,0.7445467114448547,Anger
DST_089_M_HPY.jpg,-0.22308167815208435,0.20924988389015198,Disgust
DST_025_F_HPY.jpg,-0.4398113787174225,0.30372747778892517,Anger
DST_110_M_ANG.jpg,-0.6379097700119019,0.6603430509567261,Anger
DST_183_F_SAD.jpg,-0.48053810000419617,0.45855867862701416,Anger
DST_161_F_FER.jpg,0.07312978804111481,0.13704942166805267,Neutral
DST_065_F_HPY.jpg,0.41887423396110535,-0.03525125980377197,Happy
DST_017_F_NUT.jpg,-0.5685544013977051,0.4846110939979553,Anger
DST_023_F_SAD.jpg,-0.6698384881019592,0.6280956268310547,Anger
DST_124_F_ANG.jpg,-0.5712568759918213,0.7684136033058167,Anger
DST_185_F_HPY.jpg,-0.14607800543308258,0.22209972143173218,Happy
DST_120_M_ANG.jpg,-0.6251758337020874,0.7796633839607239,Anger
DST_170_F_DIS.jpg,-0.6406409740447998,0.5519605278968811,Anger
DST_138_F_HPY.jpg,-0.23094627261161804,0.29861778020858765,Disgust
DST_088_M_SUR.jpg,0.052215900272130966,0.6509569883346558,Surprise
DST_091_M_NUT.jpg,-0.5393708348274231,0.5681211948394775,Anger
DST_114_M_DIS.jpg,-0.6704576015472412,0.7760153412818909,Anger
DST_036_F_SAD.jpg,-0.7614827156066895,0.4802437722682953,Disgust
DST_130_F_HPY.jpg,-0.19514137506484985,0.2316238135099411,Disgust
DST_027_F_NUT.jpg,-0.49711039662361145,0.48376068472862244,Anger
DST_108_M_FER.jpg,-0.3642115890979767,0.3748869001865387,Anger
DST_120_M_DIS.jpg,-0.5923051834106445,0.7911382913589478,Anger
DST_018_M_DIS.jpg,-0.6816605925559998,0.7749168872833252,Anger
DST_173_F_SAD.jpg,-0.707366406917572,0.6348154544830322,Anger
DST_032_F_SAD.jpg,-0.6136816740036011,0.5903846025466919,Anger
DST_137_F_FER.jpg,-0.28142407536506653,0.5540578365325928,Anger
DST_027_F_DIS.jpg,-0.658789873123169,0.7159057855606079,Anger
DST_068_M_FER.jpg,-0.25525468587875366,0.593809962272644,Anger
DST_119_M_SUR.jpg,-0.09483993053436279,0.6774847507476807,Surprise
DST_005_F_NUT.jpg,-0.5078805685043335,0.2954832911491394,Anger
DST_163_F_FER.jpg,-0.06829732656478882,0.4394478499889374,Neutral
DST_065_F_DIS.jpg,-0.7458404302597046,0.6415652632713318,Disgust
DST_178_F_SAD.jpg,-0.6392697095870972,0.6779465675354004,Anger
DST_129_F_SAD.jpg,-0.5831366777420044,0.5192948579788208,Anger
DST_030_M_SAD.jpg,-0.6548629999160767,0.4748160243034363,Anger
DST_183_F_HPY.jpg,-0.20168334245681763,0.3191726505756378,Anger
DST_091_M_HPY.jpg,-0.39232391119003296,0.43900561332702637,Anger
DST_068_M_HPY.jpg,-0.1950247585773468,0.26464542746543884,Contempt
DST_106_M_DIS.jpg,-0.6896669864654541,0.6756592392921448,Anger
DST_128_F_DIS.jpg,-0.6646971702575684,0.6700750589370728,Anger
DST_126_F_HPY.jpg,-0.16652613878250122,0.19512903690338135,Happy
DST_096_M_FER.jpg,-0.16547243297100067,0.37829822301864624,Neutral
DST_103_M_NUT.jpg,-0.5385063886642456,0.3693460524082184,Anger
DST_013_M_FER.jpg,-0.004812810570001602,0.1567876935005188,Neutral
DST_142_F_ANG.jpg,-0.41552767157554626,0.2711552381515503,Anger
DST_018_M_ANG.jpg,-0.6653569936752319,0.6616011261940002,Anger
DST_145_F_SUR.jpg,0.0007432885468006134,0.8501042723655701,Surprise
DST_024_F_FER.jpg,-0.6638250350952148,0.20483532547950745,Disgust
DST_016_M_NUT.jpg,-0.5801615715026855,0.48382219672203064,Anger
DST_149_F_NUT.jpg,-0.44072189927101135,0.2677820026874542,Anger
DST_074_M_HPY.jpg,0.04344510659575462,0.08307528495788574,Happy
DST_171_F_SAD.jpg,-0.5610957145690918,0.31688401103019714,Anger
DST_022_M_ANG.jpg,-0.6008585691452026,0.8637898564338684,Anger
DST_048_M_SAD.jpg,-0.7013730406761169,0.26386934518814087,Anger
DST_136_F_HPY.jpg,-0.34854117035865784,0.3204843997955322,Anger
DST_142_F_DIS.jpg,-0.6290271878242493,0.7227304577827454,Anger
DST_176_F_DIS.jpg,-0.6988165974617004,0.7426819801330566,Anger
DST_178_F_HPY.jpg,-0.5298553705215454,0.39325258135795593,Disgust
DST_023_F_ANG.jpg,-0.6647276878356934,0.75174480676651,Anger
DST_041_M_HPY.jpg,-0.5480601191520691,0.43062666058540344,Disgust
DST_124_F_DIS.jpg,-0.6365749835968018,0.7047505378723145,Anger
DST_105_M_SUR.jpg,-0.5893350839614868,0.6462882161140442,Anger
DST_158_F_HPY.jpg,-0.07912661135196686,0.12385213375091553,Neutral
DST_122_M_HPY.jpg,-0.33537301421165466,0.24650326371192932,Disgust
DST_004_F_SAD.jpg,-0.7644522190093994,0.1585673838853836,Anger
DST_064_M_FER.jpg,0.05529145523905754,0.4183187484741211,Surprise
DST_093_M_SUR.jpg,0.05653791502118111,0.7511279582977295,Surprise
DST_163_F_SUR.jpg,0.033228348940610886,0.6078547835350037,Surprise
DST_065_F_SAD.jpg,-0.5691056251525879,-0.021287977695465088,Sad
DST_016_M_DIS.jpg,-0.6439172029495239,0.8479756116867065,Anger
DST_145_F_DIS.jpg,-0.6340394020080566,0.7943012118339539,Anger
DST_110_M_NUT.jpg,-0.4662794768810272,0.278268039226532,Anger
DST_029_F_HPY.jpg,-0.23548689484596252,0.17268508672714233,Happy
DST_128_F_NUT.jpg,-0.3087875247001648,0.15562525391578674,Neutral
DST_147_F_SUR.jpg,0.0013848654925823212,0.7968939542770386,Surprise
DST_064_M_SUR.jpg,-0.0830439031124115,0.5802546739578247,Surprise
DST_015_M_HPY.jpg,0.2510809302330017,0.026028096675872803,Happy
DST_114_M_NUT.jpg,-0.5570634603500366,0.4700782299041748,Anger
DST_099_M_FER.jpg,-0.013835448771715164,0.6772245764732361,Fear
DST_010_M_HPY.jpg,-0.17777195572853088,0.3690454661846161,Anger
DST_115_M_SUR.jpg,-0.05200404301285744,0.5480159521102905,Surprise
DST_137_F_SAD.jpg,-0.5996783971786499,0.6311415433883667,Anger
DST_020_M_NUT.jpg,-0.5430378913879395,0.6280122399330139,Anger
DST_016_M_SAD.jpg,-0.6074944734573364,0.3754900097846985,Anger
DST_161_F_HPY.jpg,-0.35664984583854675,0.26491779088974,Disgust
DST_182_F_ANG.jpg,-0.494372695684433,0.4693938195705414,Anger
DST_135_F_HPY.jpg,-0.5106397867202759,0.4460362195968628,Anger
DST_043_M_NUT.jpg,-0.5291664004325867,0.4022752642631531,Anger
DST_025_F_SUR.jpg,0.16477982699871063,0.6500479578971863,Surprise
DST_083_M_SAD.jpg,-0.5676015615463257,0.030997633934020996,Disgust
DST_074_M_DIS.jpg,-0.6803523302078247,0.46215105056762695,Disgust
DST_114_M_SUR.jpg,-0.07094582915306091,0.7421160936355591,Surprise
DST_065_F_ANG.jpg,-0.5747982859611511,0.5308542847633362,Anger
DST_136_F_SAD.jpg,-0.6164935827255249,0.6282881498336792,Anger
DST_133_F_SAD.jpg,-0.6403082609176636,0.43258681893348694,Anger
DST_090_M_SAD.jpg,-0.4692901074886322,0.5360373258590698,Anger
DST_122_M_SUR.jpg,-0.0667402595281601,0.4415537118911743,Surprise
DST_097_M_SUR.jpg,-0.05381176248192787,0.8245536684989929,Surprise
DST_142_F_SUR.jpg,0.19475877285003662,0.7497210502624512,Surprise
DST_051_M_SUR.jpg,-0.31110814213752747,0.6571286916732788,Anger
DST_164_F_ANG.jpg,-0.6290894746780396,0.7094515562057495,Anger
DST_023_F_SUR.jpg,-0.23135152459144592,0.6694372892379761,Surprise
DST_108_M_NUT.jpg,-0.4828138053417206,0.4437887668609619,Anger
DST_185_F_ANG.jpg,-0.5983176231384277,0.7089014053344727,Anger
DST_091_M_DIS.jpg,-0.6715145111083984,0.7649942636489868,Anger
DST_025_F_DIS.jpg,-0.6763904094696045,0.6752500534057617,Anger
DST_173_F_ANG.jpg,-0.6334436535835266,0.7509089112281799,Anger
DST_163_F_ANG.jpg,-0.581929087638855,0.47557950019836426,Anger
DST_158_F_FER.jpg,0.040064480155706406,0.5709788799285889,Surprise
DST_097_M_HPY.jpg,0.06837818026542664,0.10181587934494019,Happy
DST_046_F_HPY.jpg,-0.11847281455993652,0.08320212364196777,Neutral
DST_182_F_DIS.jpg,-0.6281269192695618,0.5507910251617432,Anger
DST_042_F_NUT.jpg,-0.5768381357192993,0.5116653442382812,Anger
DST_096_M_ANG.jpg,-0.6241617202758789,0.6435107588768005,Anger
DST_064_M_SAD.jpg,-0.6940860748291016,0.6334837675094604,Anger
DST_009_F_SAD.jpg,-0.6966418027877808,0.7223984003067017,Anger
DST_081_M_FER.jpg,-0.19935548305511475,0.3374444842338562,Neutral
DST_173_F_NUT.jpg,-0.4853763282299042,0.4569624662399292,Anger
DST_029_F_ANG.jpg,-0.6287528276443481,0.6302878260612488,Anger
DST_163_F_NUT.jpg,-0.4239220917224884,0.22849611937999725,Anger
DST_004_F_HPY.jpg,-0.356632798910141,0.20345978438854218,Disgust
DST_071_M_SUR.jpg,0.18894749879837036,0.7663173675537109,Surprise
DST_013_M_DIS.jpg,-0.709716796875,0.6774210929870605,Anger
DST_119_M_SAD.jpg,-0.6703120470046997,0.6152899265289307,Anger
DST_115_M_SAD.jpg,-0.6002854108810425,0.6692343950271606,Anger
DST_138_F_SUR.jpg,0.023639943450689316,0.7031352519989014,Surprise
DST_030_M_DIS.jpg,-0.7257472276687622,0.7011154294013977,Anger
DST_064_M_DIS.jpg,-0.6764371395111084,0.701338529586792,Anger
DST_097_M_FER.jpg,-0.04015621915459633,0.7185933589935303,Surprise
DST_167_F_DIS.jpg,-0.6265090703964233,0.7480071783065796,Anger
DST_084_M_NUT.jpg,-0.6069604158401489,0.40768754482269287,Anger
DST_183_F_DIS.jpg,-0.6460000276565552,0.6935570240020752,Anger
DST_041_M_ANG.jpg,-0.5806803703308105,0.676598310470581,Anger
DST_149_F_HPY.jpg,-0.4354328215122223,0.30095428228378296,Disgust
DST_084_M_ANG.jpg,-0.6629512310028076,0.7334029674530029,Anger
DST_084_M_SAD.jpg,-0.6338179111480713,0.5267464518547058,Anger
DST_042_F_FER.jpg,-0.008630488067865372,0.6146741509437561,Fear
DST_043_M_ANG.jpg,-0.6240639686584473,0.7832322120666504,Anger
DST_170_F_HPY.jpg,-0.4295986294746399,0.35983148217201233,Anger
DST_096_M_NUT.jpg,-0.5700989961624146,0.54752516746521,Anger
DST_090_M_ANG.jpg,-0.5674564838409424,0.7300571799278259,Anger
DST_036_F_DIS.jpg,-0.6290592551231384,0.8240230083465576,Anger
DST_182_F_NUT.jpg,-0.33005625009536743,0.12979450821876526,Neutral
DST_136_F_FER.jpg,-0.5477461218833923,0.539580225944519,Anger
DST_105_M_DIS.jpg,-0.6354496479034424,0.8133528232574463,Anger
DST_164_F_DIS.jpg,-0.6778623461723328,0.7460424304008484,Anger
DST_116_M_SAD.jpg,-0.6487412452697754,0.89017653465271,Anger
DST_029_F_DIS.jpg,-0.7120169401168823,0.7010490894317627,Anger
DST_106_M_ANG.jpg,-0.5470055341720581,0.6809922456741333,Anger
DST_099_M_HPY.jpg,0.2473745495080948,-0.0023081600666046143,Happy
DST_123_F_SAD.jpg,-0.561841607093811,0.3209344148635864,Anger
DST_043_M_HPY.jpg,-0.33577150106430054,0.4094720482826233,Anger
DST_002_F_SAD.jpg,-0.691573441028595,0.5811262130737305,Anger
DST_097_M_NUT.jpg,-0.509003758430481,0.4320521354675293,Anger
DST_135_F_SAD.jpg,-0.5131785273551941,0.44700199365615845,Anger
DST_135_F_NUT.jpg,-0.5127745866775513,0.44704169034957886,Anger
DST_186_F_ANG.jpg,-0.6304259300231934,0.794438362121582,Anger
DST_048_M_DIS.jpg,-0.645818829536438,0.7824872136116028,Anger
DST_023_F_DIS.jpg,-0.697484016418457,0.7476995587348938,Anger
DST_020_M_HPY.jpg,-0.48767444491386414,0.4913995862007141,Anger
DST_124_F_NUT.jpg,-0.4581345021724701,0.27232491970062256,Anger
DST_105_M_SAD.jpg,-0.6243318319320679,0.7582394480705261,Anger
DST_126_F_SAD.jpg,-0.5951347947120667,0.46503615379333496,Anger
DST_020_M_SAD.jpg,-0.6659281253814697,0.7004364728927612,Anger
DST_005_F_SAD.jpg,-0.5984459519386292,0.3167886734008789,Anger
DST_079_M_ANG.jpg,-0.6081768274307251,0.783970832824707,Anger
DST_157_F_SAD.jpg,-0.5403938293457031,0.09618961811065674,Anger
DST_022_M_NUT.jpg,-0.5591219067573547,0.4596196413040161,Anger
DST_086_M_HPY.jpg,-0.12127439677715302,0.15308748185634613,Happy
DST_036_F_HPY.jpg,-0.03738381341099739,0.20073184370994568,Happy
DST_106_M_SAD.jpg,-0.5751389861106873,0.5588767528533936,Anger
DST_159_F_SAD.jpg,-0.6128097772598267,0.3147767186164856,Anger
DST_178_F_FER.jpg,-0.14558330178260803,0.4052814245223999,Neutral
DST_098_M_SAD.jpg,-0.6188932657241821,0.42026928067207336,Anger
DST_096_M_SUR.jpg,-0.1227758526802063,0.670009970664978,Surprise
DST_136_F_ANG.jpg,-0.5725182890892029,0.7036723494529724,Anger
DST_051_M_SAD.jpg,-0.6586868762969971,0.5243682861328125,Anger
DST_120_M_SAD.jpg,-0.6753677129745483,0.7202240824699402,Anger
DST_129_F_DIS.jpg,-0.6286581754684448,0.7569650411605835,Anger
DST_086_M_SUR.jpg,-0.005650196224451065,0.7459268569946289,Surprise
DST_137_F_HPY.jpg,-0.4826102554798126,0.44315966963768005,Anger
DST_042_F_SAD.jpg,-0.6649324893951416,0.815043568611145,Anger
DST_012_M_HPY.jpg,-0.40520310401916504,0.39944589138031006,Anger
DST_099_M_NUT.jpg,-0.2578451335430145,0.11490270495414734,Neutral
DST_071_M_HPY.jpg,-0.4176231920719147,0.3178682029247284,Disgust
DST_158_F_SAD.jpg,-0.5431288480758667,0.2890016436576843,Anger
DST_030_M_NUT.jpg,-0.5853612422943115,0.4830890893936157,Anger
DST_182_F_FER.jpg,-0.30612650513648987,0.5658881664276123,Anger
DST_124_F_SAD.jpg,-0.6758309006690979,0.3658580183982849,Anger
DST_018_M_NUT.jpg,-0.5932418704032898,0.49261611700057983,Anger
DST_040_F_ANG.jpg,-0.5730421543121338,0.7153325080871582,Anger
DST_097_M_ANG.jpg,-0.5855307579040527,0.7854145169258118,Anger
DST_118_M_SAD.jpg,-0.6547729969024658,0.48337000608444214,Anger
DST_174_F_NUT.jpg,-0.538482666015625,0.2811402976512909,Anger
DST_126_F_SUR.jpg,-0.15280817449092865,0.7655271291732788,Surprise
DST_041_M_NUT.jpg,-0.5691130757331848,0.5532747507095337,Anger
DST_042_F_DIS.jpg,-0.6408427953720093,0.785489022731781,Anger
DST_147_F_SAD.jpg,-0.4825079143047333,0.29618701338768005,Anger
DST_040_F_SUR.jpg,0.21264679729938507,0.6461502313613892,Surprise
DST_086_M_NUT.jpg,-0.5583876967430115,0.5937049984931946,Anger
DST_081_M_DIS.jpg,-0.6363931894302368,0.7448749542236328,Anger
DST_105_M_HPY.jpg,-0.541297435760498,0.5993021726608276,Anger
DST_116_M_ANG.jpg,-0.5868017673492432,0.8683053255081177,Anger
DST_178_F_SUR.jpg,0.1180417388677597,0.6921482682228088,Surprise
DST_056_M_HPY.jpg,-0.5460975766181946,0.4683583080768585,Anger
DST_026_M_DIS.jpg,-0.6142235994338989,0.7340627908706665,Anger
DST_135_F_SUR.jpg,-0.25065430998802185,0.5842879414558411,Anger
DST_090_M_DIS.jpg,-0.6254193782806396,0.7223415374755859,Anger
DST_046_F_SUR.jpg,0.02001352235674858,0.4540090560913086,Surprise
DST_002_F_DIS.jpg,-0.7806118726730347,0.3374357223510742,Anger
DST_051_M_HPY.jpg,-0.5560712218284607,0.542747437953949,Anger
DST_131_F_SAD.jpg,-0.5335529446601868,-0.10692232847213745,Sad
DST_167_F_ANG.jpg,-0.562563955783844,0.6574810743331909,Anger
DST_046_F_NUT.jpg,-0.38270214200019836,0.2290261834859848,Anger
DST_173_F_SUR.jpg,-0.15573878586292267,0.6064249277114868,Surprise
DST_147_F_HPY.jpg,0.044694315642118454,0.19396239519119263,Happy
DST_040_F_FER.jpg,0.05247287079691887,0.2595464289188385,Neutral
DST_146_F_NUT.jpg,-0.44660285115242004,0.42551910877227783,Anger
DST_096_M_HPY.jpg,-0.23595097661018372,0.24140220880508423,Disgust
DST_097_M_DIS.jpg,-0.6912943124771118,0.6851886510848999,Anger
DST_017_F_SAD.jpg,-0.7078822255134583,0.6942614316940308,Anger
DST_031_M_DIS.jpg,-0.6688895225524902,0.7635557651519775,Anger
DST_036_F_SUR.jpg,0.12401331961154938,0.7526203393936157,Surprise
DST_182_F_SUR.jpg,0.03883050009608269,0.6457241773605347,Surprise
DST_041_M_SAD.jpg,-0.6091328859329224,0.6451718807220459,Anger
DST_032_F_DIS.jpg,-0.6559700965881348,0.7397122383117676,Anger
DST_027_F_HPY.jpg,-0.35687607526779175,0.34365731477737427,Disgust
DST_022_M_HPY.jpg,-0.22144562005996704,0.14480237662792206,Anger
DST_133_F_ANG.jpg,-0.6222707033157349,0.8678016066551208,Anger
DST_030_M_HPY.jpg,-0.1363326609134674,0.2388945370912552,Happy
DST_013_M_HPY.jpg,0.032048147171735764,0.1433727741241455,Happy
DST_041_M_DIS.jpg,-0.6321167945861816,0.7970656752586365,Anger
DST_010_M_ANG.jpg,-0.609032392501831,0.7613216638565063,Anger
DST_131_F_FER.jpg,-0.31875404715538025,0.059959083795547485,Neutral
DST_130_F_SAD.jpg,-0.6527574062347412,0.6889365315437317,Anger
DST_115_M_DIS.jpg,-0.6255597472190857,0.815611720085144,Anger
DST_159_F_SUR.jpg,0.08265018463134766,0.7169950604438782,Surprise
DST_116_M_SUR.jpg,-0.031100351363420486,0.7814550399780273,Surprise
DST_142_F_HPY.jpg,0.3161522448062897,-0.06386256217956543,Happy
DST_158_F_SUR.jpg,0.3287689983844757,0.8824269771575928,Surprise
DST_012_M_SUR.jpg,-0.31320813298225403,0.6833641529083252,Anger
DST_088_M_HPY.jpg,-0.24992740154266357,0.20288997888565063,Disgust
DST_013_M_ANG.jpg,-0.5938587188720703,0.707773745059967,Anger
DST_017_F_HPY.jpg,-0.3590922951698303,0.3563591539859772,Anger
DST_108_M_SAD.jpg,-0.631178081035614,0.594908595085144,Anger
DST_032_F_SUR.jpg,-0.030920717865228653,0.6113446354866028,Surprise
DST_010_M_SAD.jpg,-0.6500381231307983,0.5341820120811462,Anger
DST_176_F_NUT.jpg,-0.2876276671886444,0.09376487135887146,Neutral
DST_171_F_SUR.jpg,-0.1456490457057953,0.6056303381919861,Surprise
DST_074_M_ANG.jpg,-0.6205976009368896,0.6362175941467285,Anger
DST_149_F_DIS.jpg,-0.6159723401069641,0.6346863508224487,Anger
DST_024_F_ANG.jpg,-0.6336451768875122,0.7083117961883545,Anger
DST_040_F_DIS.jpg,-0.6411193013191223,0.7799995541572571,Anger
DST_162_F_HPY.jpg,0.059560131281614304,0.09666159749031067,Happy
DST_157_F_FER.jpg,0.005280006676912308,0.5052695870399475,Surprise
DST_022_M_SUR.jpg,-0.19988316297531128,0.5022698640823364,Surprise
DST_046_F_FER.jpg,-0.04239191487431526,0.2566903233528137,Neutral
DST_174_F_SUR.jpg,0.09299050271511078,0.772209107875824,Surprise
DST_146_F_DIS.jpg,-0.5886169672012329,0.629118025302887,Anger
DST_185_F_SUR.jpg,0.15570726990699768,0.718623161315918,Surprise
DST_126_F_DIS.jpg,-0.6449205279350281,0.7631022930145264,Anger
DST_086_M_FER.jpg,-0.055549491196870804,0.5456277132034302,Surprise
DST_163_F_SAD.jpg,-0.6649544835090637,0.3555620014667511,Anger
DST_136_F_DIS.jpg,-0.6343238353729248,0.6444640159606934,Anger
DST_122_M_DIS.jpg,-0.6661598086357117,0.757895290851593,Anger
DST_088_M_ANG.jpg,-0.640174925327301,0.6236945390701294,Anger
DST_047_M_NUT.jpg,-0.5118824243545532,0.5514082312583923,Anger
DST_018_M_SAD.jpg,-0.6174086332321167,0.5167854428291321,Anger
DST_128_F_SUR.jpg,0.05580606684088707,0.6175374984741211,Surprise
DST_096_M_SAD.jpg,-0.5651655197143555,0.5564497709274292,Anger
DST_158_F_DIS.jpg,-0.5828821659088135,0.5066458582878113,Anger
DST_145_F_FER.jpg,-0.14842453598976135,0.7702258229255676,Fear
